{
  "ultima_actualizacion": "2026-03-23",
  "liga": "Serie A",
  "liga_id": 135,
  "n_partidos_base": 1900,
  "ratings": {
    "Bologna": -0.1554363755260144,
    "Brescia": -0.7489393594594012,
    "Cagliari": -0.3098271178562143,
    "Parma": -0.24640352285422548,
    "Sassuolo": -0.4767435234300426,
    "Roma": 0.3616442186748417,
    "Lecce": -0.4061013381609217,
    "Atalanta": 0.9194331849773838,
    "Lazio": 0.5193391627393643,
    "Milan": 1.1004475329981451,
    "Juventus": 0.6161180316726744,
    "Verona": -0.4805509076623641,
    "Cremonese": -0.7908908032848417,
    "Inter": 1.43044237654827,
    "Fiorentina": -0.17927863201877786,
    "Udinese": 0.2684864528418984,
    "Salernitana": -0.4268283899340437,
    "Empoli": -0.06370144067308958,
    "Benevento": -0.1765085317108794,
    "Crotone": -1.2475022463667886,
    "Spezia": -1.0360044818576717,
    "Venezia": -0.725653869832527,
    "Torino": 0.03478889764328061,
    "Spal": -1.2877698248583802,
    "Sampdoria": -0.6763530582276355,
    "Napoli": 0.750007341518332,
    "Genoa": -0.7440770023524758,
    "Frosinone": -0.1187627801021475,
    "Monza": -0.3331731434191547
  }
}