{
  "pi_rating_home": 0.07008519768714905,
  "pi_rating_away": 0.07370204478502274,
  "pi_diff": 0.07204930484294891,
  "pi_exp_home": 0.021647490561008453,
  "pi_exp_away": 0.05270431563258171,
  "pi_diff_abs": 0.05836425721645355,
  "ghost_game": 0.013468831777572632,
  "liga_ucl": 0.00334926531650126,
  "es_vuelta": 0.003818406956270337,
  "goles_favor_5_home": 0.041347093880176544,
  "goles_contra_5_home": 0.09132565557956696,
  "puntos_5_home": 0.041340503841638565,
  "forma_gd_5_home": 0.045519012957811356,
  "goles_favor_5_away": 0.06896106153726578,
  "goles_contra_5_away": 0.05387633666396141,
  "puntos_5_away": 0.04155835136771202,
  "forma_gd_5_away": 0.0648658350110054,
  "valor_home_mill": 0.006960299331694841,
  "valor_away_mill": 0.00398260960355401,
  "ratio_valor": 0.009829948656260967,
  "log_ratio_valor": 0.002720258664339781,
  "diff_valor_mill": 0.007213938981294632,
  "_liga_id": 0.036718741059303284
}