{
  "pi_rating_home": 0.034667667001485825,
  "pi_rating_away": 0.05027944594621658,
  "pi_diff": 0.044778142124414444,
  "pi_exp_home": 0.016207043081521988,
  "pi_exp_away": 0.03268200531601906,
  "pi_diff_abs": 0.03994341194629669,
  "ghost_game": 0.011757378466427326,
  "liga_ucl": 0.0014112612698227167,
  "es_vuelta": 0.002781301736831665,
  "goles_favor_5_home": 0.028452808037400246,
  "goles_contra_5_home": 0.055217210203409195,
  "puntos_5_home": 0.026287605985999107,
  "forma_gd_5_home": 0.021927915513515472,
  "goles_favor_5_away": 0.038665108382701874,
  "goles_contra_5_away": 0.04028598219156265,
  "puntos_5_away": 0.031345952302217484,
  "forma_gd_5_away": 0.03892463073134422,
  "fs_corners_avg_5_home": 0.0071983784437179565,
  "fs_possession_avg_5_home": 0.00919412262737751,
  "fs_shots_avg_5_home": 0.0030385928694158792,
  "fs_sot_avg_5_home": 0.001506621716544032,
  "fs_cards_avg_5_home": 0.005288766697049141,
  "fs_xg_fs_avg_5_home": 0.005314720328897238,
  "fs_sot_ratio_home": 0.00432863412424922,
  "valor_home_mill": 0.0076530082151293755,
  "valor_away_mill": 0.0017017547506839037,
  "ratio_valor": 0.006000909022986889,
  "log_ratio_valor": 0.005147624760866165,
  "diff_valor_mill": 0.006517326459288597,
  "_liga_id": 0.012906867079436779,
  "fs_corners_avg_5_away": 0.003006201470270753,
  "fs_possession_avg_5_away": 0.0036810156889259815,
  "fs_shots_avg_5_away": 0.0035078697837889194,
  "fs_sot_avg_5_away": 0.0030287480913102627,
  "fs_cards_avg_5_away": 0.006947581190615892,
  "fs_xg_fs_avg_5_away": 0.0019599879160523415,
  "fs_sot_ratio_away": 0.00571788614615798,
  "xg_anotados_5_home": 0.041311971843242645,
  "xg_recibidos_5_home": 0.04061082378029823,
  "xg_diferencial_5_home": 0.03495481237769127,
  "xg_temporada_home": 0.16315288841724396,
  "xg_temporada_a_home": 0.06905780732631683,
  "xg_overperformance_home": 0.0,
  "xg_consistencia_home": 0.04354546219110489,
  "xg_anotados_5_away": 0.06036923825740814,
  "xg_recibidos_5_away": 0.042874231934547424,
  "xg_diferencial_5_away": 0.05086503550410271,
  "xg_temporada_away": 0.10919653624296188,
  "xg_temporada_a_away": 0.06943447142839432,
  "xg_overperformance_away": 0.0,
  "xg_consistencia_away": 0.04645983502268791
}