{
  "pi_rating_home": 0.03533171862363815,
  "pi_rating_away": 0.04866648465394974,
  "pi_diff": 0.04442301392555237,
  "pi_exp_home": 0.01878911256790161,
  "pi_exp_away": 0.033089082688093185,
  "pi_diff_abs": 0.03829491510987282,
  "ghost_game": 0.011639922857284546,
  "liga_ucl": 0.0007930141291581094,
  "es_vuelta": 0.0027307618875056505,
  "goles_favor_5_home": 0.027793871238827705,
  "goles_contra_5_home": 0.05572804436087608,
  "puntos_5_home": 0.0255882628262043,
  "forma_gd_5_home": 0.02269969880580902,
  "goles_favor_5_away": 0.03585268557071686,
  "goles_contra_5_away": 0.03996201604604721,
  "puntos_5_away": 0.03038959950208664,
  "forma_gd_5_away": 0.037648968398571014,
  "fs_corners_avg_5_home": 0.005872954148799181,
  "fs_possession_avg_5_home": 0.00798229780048132,
  "fs_shots_avg_5_home": 0.0022384761832654476,
  "fs_sot_avg_5_home": 0.0025375913828611374,
  "fs_cards_avg_5_home": 0.0059303040616214275,
  "fs_xg_fs_avg_5_home": 0.004854440689086914,
  "fs_sot_ratio_home": 0.008219603449106216,
  "valor_home_mill": 0.0058156405575573444,
  "valor_away_mill": 0.001937640132382512,
  "ratio_valor": 0.0044037657789886,
  "log_ratio_valor": 0.00481001241132617,
  "diff_valor_mill": 0.005223941057920456,
  "_liga_id": 0.01582287810742855,
  "fs_corners_avg_5_away": 0.002641933737322688,
  "fs_possession_avg_5_away": 0.0043825674802064896,
  "fs_shots_avg_5_away": 0.005081131123006344,
  "fs_sot_avg_5_away": 0.0026110538747161627,
  "fs_cards_avg_5_away": 0.004885660018771887,
  "fs_xg_fs_avg_5_away": 0.0018273069290444255,
  "fs_sot_ratio_away": 0.005027648061513901,
  "xg_anotados_5_home": 0.04086902737617493,
  "xg_recibidos_5_home": 0.03903302177786827,
  "xg_diferencial_5_home": 0.03264174982905388,
  "xg_temporada_home": 0.1645725667476654,
  "xg_temporada_a_home": 0.06547727435827255,
  "xg_overperformance_home": 0.0,
  "xg_consistencia_home": 0.046807996928691864,
  "xg_anotados_5_away": 0.06792234629392624,
  "xg_recibidos_5_away": 0.037561021745204926,
  "xg_diferencial_5_away": 0.049800287932157516,
  "xg_temporada_away": 0.1095287874341011,
  "xg_temporada_a_away": 0.06726370006799698,
  "xg_overperformance_away": 0.0,
  "xg_consistencia_away": 0.04791858792304993
}